Sno,Name,Author,Type,
1,The leader who had no title,Robin Sharma,Paperback,
2,The Saint The Surfer And The CEO,Robin Sharma,Paperback,
3,Conversation with Yogananda,"Swami Kriyananda,J.Donald Walters",Paperback,
4,The Fountainhead,Ayn Rand,Paperback,
5,The Tipping Point,Malcolm Gladwell,Paperback,
6,Great Applications for Busiss School,Paul Bodine,Paperback,
7,The Power Of Your Subconscious Mind,"Dr.Joseph Murphy,D.R.S.,Ph.D.,D.D.,L.L.D.",Paperback,
8,How Will You Measure Your Life,"Clayton M.Christensen,James Allworth & Karen Dillon",Paperback,
9,7 Secrets Of Shiva ,Devdutt Pattanaik,Paperback,
10,The Innovators Dilemma,Clayton M. Christensen,Paperback,
11,Delivering Happiness,Tony Hsieh,Paperback,
12,Key to Living the Law of Attraction,Jack Canfield & D.D. Watkins,Paperback,
13,Nate Silver The Signal & The Noise,Allen Lane,Hardback,
14,How To Write & Speak Better,Reader's Digest,Hardback,
15,Plays Unpleasant,Bernard Shaw,Paperback,
16,Terry Pratchett,Mort,Paperback,
17,Julius Caesar,Shakespeare,Paperback,
18,Four Tragedies,Shakespeare,Paperback,
19,The 3 mistakes of my Life,Chetan Bhagat,Paperback,
20,Midnight's Children,Salman Rushdie,Paperback,
21,Letters from a Father to His Daughter,Jawaharlal Nehru,Hardback,
22,The Mindgym,-,Paperback,
23,How To Read Better & Faster,Norman Lewis,Paperback,
24,Miracles,Peter Murray,Paperback,
25,I'm ok-You're ok,Thomas A.Harris,Paperback,
26,"Selected Essays,Lectures,and Poems",Ralph Waldo Emerson,Paperback,
27,Thoughts to build on,M.R.Kopmeyer,Paperback,
28,Survival is not enough,Seth Godin,Paperback,
29,Conversations with God Book 2,Neale Donald Walsch,Paperback,
30,Vedic Mathematics,Jagatguru Swami Sri Bharati Krsna Tirthaji Maharaja,Paperback,
31,The Secret,Rhonda Byme,Paperback,
32,Five Point Someone,Chetan Bhagat,Paperback,
33,Winning,Jack Welch with Suzy Welch,Paperback,
34,An Intimate note to the Sincere Seeker,H.H.Sri Sri Ravi Shanker,Hardback,
35,The Speed of Trust,Stephen M.R.Covey,Paperback,
36,The Creation  of Wealth  ,R.M.Lala,Paperback,
37,The White Tiger,Aravind Adiga,Paperback,
38,Principles of Marketing,Philip Kotler,Paperback,
39,The 7 Habits of Highly Effective People,Stephen R. Covey,Paperback,
40,The Aladdin factor,Jack Canfield and Mark Victor Hansen,Paperback,
41,Introduction to Psychology,"Morgan,King,Weisz& Schopler",Paperback,
42,GMAT Review  12 th edition,Wiley,Paperback,
43,Meditations,Marcus Aurelius,Paperback,
44,Jonathan Livingston Seagull,Richard Bach,Paperback,
45,Selected Works,Charles Dickens,Paperback,
46,Cashflow Quadrant,Robert T. Kiyosaki,Paperback,
47,Leadership Wisdom,Robin Sharma,Paperback,
48,"Tough Times Never Last , But Tough People Do",Robert H. Schuller,Paperback,
49,Be Positive Think Positive,Mridula Agarwal,Paperback,
50,Business Sutra,Devdutt Pattanaik,Paperback,
51,The Journey Home,Radhanath Swami,Paperback,
52,Jesus Lived in India,Holger Kersten,Paperback,
53,Questions & Answers on Conversations with God,Neale Donald Walsch,Paperback,
54,EveryBody loves a good drought,P. Sainath,Paperback,
55,Building Scalable Web Sites,Cal Henderson,Paperback,
56,Foods that Harm Foods that Heal,Reader's Digest,Hardback,
57,Indian Microwave Cooking,Tarla Dalal,Hardback,
58,Body Language,Vinay Mohan Sharma,Paperback,
59,World's Hardest Puzzles,Charles Barry Townsend,Paperback,
60,Rich Dad Poor Dad,Robert T. Keosaki,Paperback,Hindi
61,Living with Honour ,Shiv Khera,Paperback,
62,The Japanese Wife,Kunal Basu,Paperback,
63,Aushdhiya Poudhe,Sudhanshu Kumar Jain,Paperback,Hindi
64,Select Editions,Reader's Digest,Hardback,
65,How to write Correct English,R.P.Sinha,Paperback,
66,The one minute Manager Meets the Monkey,"Kenneth Blanchard,William Oncken,Jr. Hal Burrows",Paperback,
67,Top Impressive Letters,Suresh K. Kwatra,Paperback,
68,Smart Memory,Tanushree Podder,Paperback,
69,Bluff Your Way in Management,John Courtis,Paperback,
70,Imaging India,Nandan Nilekani,Hardback,
71,How To Read A Person Like A Book,Gerald I. Nierenberg & Henry H. Calero,Paperback,
72,Born to Win,Promod Batra,Paperback,
73,Celebrating Silence,H.H.Sri Sri Ravi Shanker,Paperback,
74,The art of Thinking Clearly,Rolf Dobelli,Hardback,
75,Essentials of Entrepreneurship and Small Businesses,Thomas Zimmerer,Paperback,
76,Introduction to Probability and Statistics,Sheldon M Ross,Paperback,
77,Consider a Spherical Cow,John Harte,Xerox,
78,Economics,Samuelson,Paperback,
79,The book of Ram,Devdutt Pattanaik,Paperback,
80,Immortals of Meluha,Amish,Paperback,Hindi
81,India's Biggest coverup,Anuj Dhar,Hardback,
82,The pregnant King,Devdutt Pattanaik,Paperback,
83,The art of seduction,Robert Greene,Paperback,
84,All in one,Mark Twain,Paperback,
85,Chanakya's Chant,Ashwin Sanghi,Paperback,
86,Conversations with God Book 3,Neale Donald Walsch,Paperback,
87,Meditation and its practices,Swami Adiswarananda,Hardback,
88,Surviving the extremes,M.D. Kenneth Kamler,Hardback,
89,The Entrepreneurial Connection,Naroola,Hardback,
90,Walking the path,Frederique Lebelly,Paperback,
91,India from midnight to the millenium and beyond,Shashi Tharoor,Paperback,
92,The Last Lecture,Randy Pausch,Paperback,
93,Monk who sold his ferrari,Robin Sharma,Paperback,
94,Reality is broken,Jane McGonigal,Paperback,
95,Romancing with Life,Dev Anand,Paperback,
96,Fellowship of the Ring,JRR Tolkien,Paperback,
97,Word Power made easy,Norman Lewis,Paperback,
98,Tuesdays with morrie,Mitch Alboom,Paperback,
99,Conversations with God,Neale Donald Walsch,Paperback,
100,Wonder,Sri Sri Ravi Shankar,Paperback,
101,Stay Hungry Stay Foolish,Rashmi Bansal,Paperback,
102, Ideas and Opinons,Albert Einstein,Paperback,
103,The science of Self Realization,AC Bhaktivedanta Swami Prabhupada,Paperback,
104,Quiz Book,Derek O'Brien,Paperback,
105,The Seventh Goswami,Rupa Vilasa Dasa,Paperback,
106,Home with God,Neale Donald Walsch,Paperback,
107,The Greatness Guide,Robin Sharma,Paperback,
108,The google Story,David A Vise,Paperback,
109,GameStorming,"Gavid Gray, Sunni Brown, James Macanufo",Paperback,
110,Livin with the Himalayan Masters,Swami Rama,Paperback,
111,The Guru of Joy,Francois Gautier,Paperback,
112,Sri RamaKrishna and his Unique Message,SwamiGhanananda,small paperback,
113,Gitanjali,RabindraNath Tagore,small paperback,
114,The only solution to all our problems,Sriram Sharma acharya,small paperback,
115,Practical Tips for purposeful living,AMA,small paperback,
116,gamlo ka swasthya, - ,small paperback,Hindi
117,Easy Journey to other planets,AC Bhaktivedanta Swami Prabhupada,small paperback,
118,aushadhiya darshan,divya yog mandir,small paperback,
119,Our Repair System,-,Paperback,
120,Art of meeting people,EH WELFORD,small paperback,
